sample_id,peak_count,any_oos,sample_disposition
SMPL-50000,3,False,PASS
SMPL-50001,2,False,PASS
SMPL-50002,1,False,PASS
SMPL-50004,3,False,PASS
SMPL-50005,2,False,PASS
SMPL-50009,2,True,FAIL — OOS investigation required
SMPL-50011,2,True,FAIL — OOS investigation required
SMPL-50012,2,False,PASS
SMPL-50013,1,False,PASS
SMPL-50014,2,False,PASS
SMPL-50015,3,False,PASS
SMPL-50016,1,False,PASS
SMPL-50017,3,False,PASS
SMPL-50018,3,False,PASS
SMPL-50019,2,True,FAIL — OOS investigation required
SMPL-50024,1,False,PASS
SMPL-50025,2,False,PASS
SMPL-50026,1,False,PASS
SMPL-50031,1,False,PASS
SMPL-50032,3,False,PASS
SMPL-50033,3,False,PASS
SMPL-50034,1,False,PASS
SMPL-50035,3,False,PASS
SMPL-50036,1,False,PASS
SMPL-50037,1,False,PASS
SMPL-50038,2,False,PASS
SMPL-50039,1,False,PASS
SMPL-50043,3,True,FAIL — OOS investigation required
SMPL-50047,3,True,FAIL — OOS investigation required
SMPL-50049,2,False,PASS
SMPL-50050,1,False,PASS
SMPL-50051,1,False,PASS
SMPL-50052,1,False,PASS
SMPL-50054,3,True,FAIL — OOS investigation required
SMPL-50057,1,False,PASS
SMPL-50063,1,False,PASS
SMPL-50065,3,False,PASS
SMPL-50066,3,False,PASS
SMPL-50068,1,False,PASS
SMPL-50069,2,False,PASS
SMPL-50070,2,False,PASS
SMPL-50074,3,False,PASS
SMPL-50076,1,False,PASS
SMPL-50077,2,False,PASS
SMPL-50078,3,True,FAIL — OOS investigation required
SMPL-50080,2,False,PASS
SMPL-50081,2,True,FAIL — OOS investigation required
SMPL-50086,2,False,PASS
SMPL-50087,3,False,PASS
SMPL-50088,3,False,PASS
SMPL-50089,2,False,PASS
SMPL-50091,1,False,PASS
SMPL-50093,3,False,PASS
SMPL-50095,2,True,FAIL — OOS investigation required
SMPL-50097,2,False,PASS
SMPL-50100,1,False,PASS
SMPL-50101,2,True,FAIL — OOS investigation required
SMPL-50103,3,False,PASS
SMPL-50107,1,False,PASS
SMPL-50108,1,False,PASS
SMPL-50110,3,True,FAIL — OOS investigation required
SMPL-50112,2,False,PASS
SMPL-50114,1,False,PASS
SMPL-50117,1,False,PASS
SMPL-50119,2,False,PASS
SMPL-50120,3,False,PASS
SMPL-50123,1,False,PASS
SMPL-50124,1,False,PASS
SMPL-50127,1,True,FAIL — OOS investigation required
SMPL-50128,1,False,PASS
SMPL-50131,2,False,PASS
SMPL-50132,1,False,PASS
SMPL-50133,3,False,PASS
SMPL-50134,2,False,PASS
SMPL-50135,3,False,PASS
SMPL-50136,2,False,PASS
SMPL-50139,3,True,FAIL — OOS investigation required
SMPL-50141,2,False,PASS
SMPL-50142,2,False,PASS
SMPL-50147,2,False,PASS
SMPL-50148,1,False,PASS
SMPL-50149,3,False,PASS
